title,abstract,label
"Machine Learning Approaches to Mental Health Screening","This study evaluates various machine learning techniques for identifying mental health issues through digital platforms. The research focuses on the accuracy of different algorithms in predicting depression and anxiety disorders from user interactions. Methods: We analyzed data from 2,000 participants using supervised learning models including random forests and support vector machines. Results: The random forest model achieved 87% accuracy in identifying at-risk individuals. Conclusion: Digital screening tools show promise for early mental health intervention.",1
"Digital Interventions for Depression: A Systematic Review","A comprehensive review of digital therapeutic interventions for treating depression. This systematic review analyzes 150 studies published between 2010-2020 focusing on the effectiveness of internet-based cognitive behavioral therapy programs. The meta-analysis includes randomized controlled trials and observational studies. Key findings indicate that digital CBT interventions show moderate to large effect sizes compared to control groups. Limitations include heterogeneity in intervention protocols and varying follow-up periods.",1
"Data Privacy Concerns in Healthcare Applications","An examination of privacy issues in healthcare technology applications. This paper discusses the challenges of data protection in medical apps and the regulatory framework governing health information. The research highlights gaps in current privacy policies and proposes improvements for better patient data security. The study surveyed 500 healthcare providers and found significant variations in privacy practices across different institutions.",0
"Neural Networks for Medical Image Analysis","Research on applying deep learning techniques to medical imaging for diagnostic purposes. The study focuses on convolutional neural networks for analyzing X-ray and MRI images. Results show that neural networks can achieve diagnostic accuracy comparable to expert radiologists in certain applications. The research includes case studies on pneumonia detection and brain tumor segmentation.",1
"Social Media Analysis for Public Health Monitoring","Using social media data to track public health trends and outbreak detection. This paper presents a framework for analyzing Twitter and Facebook posts to identify emerging health issues. The methodology combines natural language processing with machine learning for real-time monitoring. Applications include tracking infectious disease spread and mental health trends in populations.",1
"Mobile Applications for Chronic Disease Management","Evaluation of mobile health applications for managing chronic conditions like diabetes and hypertension. The systematic review analyzes 85 studies focusing on patient engagement and health outcome improvements. Results demonstrate that well-designed apps can lead to better medication adherence and lifestyle changes. Challenges include user retention and data quality issues.",1
"Ethical Considerations in AI Healthcare Applications","Discussion of ethical challenges in artificial intelligence applications in healthcare settings. The paper explores issues of algorithmic bias, patient consent, and the role of AI in clinical decision-making. The authors propose a framework for ethical AI development in medical contexts. Case studies illustrate potential risks and benefits of AI integration in healthcare.",0
"Telemedicine Platforms and Patient Outcomes","Systematic review of telemedicine interventions and their impact on patient health outcomes. This research analyzes 120 studies comparing virtual consultations with in-person care. Key findings show equivalent or superior outcomes in many chronic disease management scenarios. The review covers various medical specialties and patient populations.",1
"Artificial Intelligence in Drug Discovery","Application of machine learning techniques to accelerate pharmaceutical research and development. The paper presents case studies of AI-powered drug discovery platforms that have led to new therapeutic compounds. Focus areas include target identification, compound optimization, and clinical trial design. The technology promises to reduce development time and costs significantly.",1
"Genomic Data Analysis in Clinical Practice","Integration of genomic information into routine clinical care. This review examines current practices and future possibilities for using genetic data in personalized medicine approaches. The study considers both technical challenges and ethical implications of genomic testing in clinical settings.",0